<?xml version="1.0"?>
<!DOCTYPE hibernate-mapping PUBLIC "-//Hibernate/Hibernate Mapping DTD 3.0//EN"
"http://www.hibernate.org/dtd/hibernate-mapping-3.0.dtd">
<hibernate-mapping>
 <class name="pojo.clients" table="clients" catalog="432d_mitrea_bogdan_89" optimistic-lock="version">
 <id name="idClient" type="java.lang.Integer">
 <column name="idClient" />
 <generator class="identity" />
 </id>
 <property name="Nume" type="string">
 <column name="Nume" length="45" />
 </property>
 <property name="Prenume" type="string">
 <column name="Prenume" length="45" />
 </property>
 <property name="Email" type="string">
 <column name="Email" length="45" />
 </property>
 <property name="Phone" type="string">
 <column name="Phone" length="20" />
 </property>
 <set name="transaction" table="transaction" inverse="true" lazy="true" fetch="select">
 <key>
 <column name="idClient" />
 </key>
 <one-to-many class="pojo.transaction" />
 </set>
 </class>
</hibernate-mapping>