<?xml version="1.0"?>
<!DOCTYPE hibernate-mapping PUBLIC "-//Hibernate/Hibernate Mapping DTD 3.0//EN"
"http://www.hibernate.org/dtd/hibernate-mapping-3.0.dtd">
<hibernate-mapping>
 <class name="pojo.shops" table="shops" catalog="432d_mitrea_bogdan_89" optimistic-lock="version">
 <id name="idShop" type="java.lang.Integer">
 <column name="idShop" />
 <generator class="identity" />
 </id>
 <property name="NumeMagazin" type="string">
 <column name="NumeMagazin" length="45" />
 </property>
 <property name="Localitate" type="string">
 <column name="Localitate" length="45" />
 </property>
 <property name="ContactEmail" type="string">
 <column name="ContactEmail" length="45" />
 </property>
 <property name="ContactPhone" type="string">
 <column name="ContactPhone" length="20" />
 </property>
 <set name="transaction" table="transaction" inverse="true" lazy="true" fetch="select">
 <key>
 <column name="idShop" />
 </key>
 <one-to-many class="pojo.transaction" />
 </set>
 </class>
</hibernate-mapping>