<?xml version="1.0"?>
<!DOCTYPE hibernate-mapping PUBLIC "-//Hibernate/Hibernate Mapping DTD 3.0//EN"
"http://www.hibernate.org/dtd/hibernate-mapping-3.0.dtd">
<hibernate-mapping>
 <class name="pojo.transaction" table="transaction" catalog="432d_mitrea_bogdan_89" optimistic-lock="version">
 <id name="idTranzactie" type="java.lang.Integer">
 <column name="idTranzactie" />
 <generator class="identity" />
 </id>
 <many-to-one name="shops" class="pojo.shops" fetch="select">
 <column name="idShop" />
 </many-to-one>
 <many-to-one name="clients" class="pojo.clients" fetch="select">
 <column name="idClient" />
 </many-to-one>
 <property name="PurchaseDate" type="date">
 <column name="PurchaseDate" length="10" />
 </property>
 <property name="TotalSpent" type="java.lang.Float">
 <column name="TotalSpent" />
 </property>
 </class>
</hibernate-mapping>