<?xml version="1.0" encoding="UTF-8"?>
<!DOCTYPE hibernate-configuration PUBLIC "-//Hibernate/Hibernate Configuration DTD 3.0//EN" 
"http://hibernate.sourceforge.net/hibernate-configuration-3.0.dtd">
<hibernate-configuration>
 <session-factory>
 <property name="hibernate.hbm2ddl.auto">update</property>
 <property name="hibernate.dialect">org.hibernate.dialect.MySQLDialect</property>
 <property name="hibernate.show_sql">true</property>
 <property name="hibernate.query.factory_class">org.hibernate.hql.internal.classic.ClassicQueryTranslatorFactory</property>
 <property name="hibernate.connection.url">jdbc:mysql://localhost:3306/432d_mitrea_bogdan_89</property>
 <property name="hibernate.connection.driver_class">com.mysql.cj.jdbc.Driver</property>
 <property name="hibernate.connection.username">root</property>
 <property name="hibernate.connection.password">Bm15092002#</property>
 <mapping resource="pojo/transaction.hbm.xml"/>
 <mapping resource="pojo/clients.hbm.xml"/>
 <mapping resource="pojo/shops.hbm.xml"/>
 </session-factory>
</hibernate-configuration>